{
  "IcoMoonType": "selection",
  "icons": [
    {
      "icon": {
        "paths": [
          "M1024 512c0 282.624-229.376 512-512 512s-512-229.376-512-512 229.376-512 512-512 512 229.376 512 512z"
        ],
        "isMulticolor": false,
        "isMulticolor2": false,
        "tags": [
          "carousel-dot"
        ],
        "defaultCode": 59648,
        "grid": 0,
        "attrs": []
      },
      "attrs": [],
      "properties": {
        "id": 1,
        "order": 3,
        "ligatures": "",
        "prevSize": 32,
        "code": 59648,
        "name": "carousel-dot"
      },
      "setIdx": 0,
      "setId": 2,
      "iconIdx": 0
    },
    {
      "icon": {
        "paths": [
          "M889.515 886.101c0 40.153-32.551 72.704-72.704 72.704s-72.704-32.551-72.704-72.704c0-40.153 32.551-72.704 72.704-72.704s72.704 32.551 72.704 72.704zM464.896 886.101c0 40.153-32.551 72.704-72.704 72.704s-72.704-32.551-72.704-72.704c0-40.153 32.551-72.704 72.704-72.704s72.704 32.551 72.704 72.704zM984.064 210.944c-17.749 0-773.803 0-773.803 0l-32.427-125.611c-3.413-12.288-13.312-20.139-28.331-20.139h-121.173c-15.701 0-28.331 12.629-28.331 28.331s12.629 28.331 28.331 28.331h96.939l121.173 485.376 24.235 105.131c5.803 47.445 51.541 83.285 93.184 84.992h509.611c15.701 0 28.331-12.629 28.331-28.331s-12.629-28.331-27.307-28.331h-505.515c-20.48 0.341-37.547-13.312-41.301-32.427l-16.043-72.704h598.699c14.336 0 26.283-10.24 28.331-24.235l82.603-349.867c9.216-37.205-3.413-50.517-37.205-50.517z"
        ],
        "isMulticolor": false,
        "isMulticolor2": false,
        "tags": [
          "cart"
        ],
        "defaultCode": 59649,
        "grid": 0,
        "attrs": []
      },
      "attrs": [],
      "properties": {
        "id": 2,
        "order": 4,
        "ligatures": "",
        "prevSize": 32,
        "code": 98,
        "name": "cart"
      },
      "setIdx": 0,
      "setId": 2,
      "iconIdx": 1
    },
    {
      "icon": {
        "paths": [
          "M978.944 768c-48.811-16.384-326.656-93.867-343.040-195.925s85.675-143.019 81.579-314.368c0-114.005-92.16-206.165-206.165-206.165s-206.165 92.16-206.165 206.165c0 171.349 93.867 245.077 81.579 314.368-11.947 69.632-293.547 179.883-342.357 195.925s-52.907 147.115-32.768 204.117h996.011c28.672-57.003 20.48-187.733-28.672-204.117z"
        ],
        "isMulticolor": false,
        "isMulticolor2": false,
        "tags": [
          "account"
        ],
        "defaultCode": 59650,
        "grid": 0,
        "attrs": []
      },
      "attrs": [],
      "properties": {
        "id": 3,
        "order": 5,
        "ligatures": "",
        "prevSize": 32,
        "code": 99,
        "name": "account"
      },
      "setIdx": 0,
      "setId": 2,
      "iconIdx": 2
    },
    {
      "icon": {
        "paths": [
          "M512-0c-201.387 0-364.885 163.499-364.885 364.885 0 81.92 26.965 157.355 72.363 218.112l233.813 405.163c1.365 2.731 2.731 5.12 4.437 7.509l0.341 1.024c11.947 16.384 31.061 27.307 53.589 27.307 20.139 0 37.547-9.216 49.835-23.211l0.683 0.341 2.389-4.096c3.413-4.437 6.485-9.557 8.533-15.019l229.376-396.971c46.421-61.099 74.069-137.557 74.069-220.16 0.341-201.387-163.157-364.885-364.544-364.885zM508.245 549.547c-99.328 0-179.883-80.555-179.883-179.883s80.555-179.883 179.883-179.883c99.328 0 179.883 80.555 179.883 179.883 0 99.669-80.555 179.883-179.883 179.883z"
        ],
        "isMulticolor": false,
        "isMulticolor2": false,
        "tags": [
          "locator-pin"
        ],
        "defaultCode": 59651,
        "grid": 0,
        "attrs": []
      },
      "attrs": [],
      "properties": {
        "id": 4,
        "order": 6,
        "ligatures": "",
        "prevSize": 32,
        "code": 100,
        "name": "locator-pin"
      },
      "setIdx": 0,
      "setId": 2,
      "iconIdx": 3
    },
    {
      "icon": {
        "paths": [
          "M566.272-0c-213.675 0-387.413 163.84-387.413 365.568 0 110.933 52.907 210.261 135.851 277.504l-239.616 314.027c-8.192 10.923-6.144 25.6 4.779 32.768l44.032 29.696c10.923 7.168 26.283 4.437 34.475-6.485l242.347-318.123c50.176 22.528 106.155 35.499 165.547 35.499 213.675 0 387.413-163.84 387.413-365.568 0-201.045-173.739-364.885-387.413-364.885zM566.272 643.755c-162.816 0-294.912-124.928-294.912-278.187s132.437-278.187 294.912-278.187c162.816 0 294.912 124.928 294.912 278.187s-132.096 278.187-294.912 278.187z"
        ],
        "isMulticolor": false,
        "isMulticolor2": false,
        "tags": [
          "search"
        ],
        "defaultCode": 59652,
        "grid": 0,
        "attrs": []
      },
      "attrs": [],
      "properties": {
        "id": 5,
        "order": 7,
        "ligatures": "",
        "prevSize": 32,
        "code": 101,
        "name": "search"
      },
      "setIdx": 0,
      "setId": 2,
      "iconIdx": 4
    },
    {
      "icon": {
        "paths": [
          "M0.341-0h429.739v430.421h-429.739v-430.421zM593.92-0h429.739v430.421h-429.739v-430.421zM0.341 593.579h429.739v430.421h-429.739v-430.421zM593.92 593.579h429.739v430.421h-429.739v-430.421z"
        ],
        "isMulticolor": false,
        "isMulticolor2": false,
        "tags": [
          "search-grid-view"
        ],
        "defaultCode": 59653,
        "grid": 0,
        "attrs": []
      },
      "attrs": [],
      "properties": {
        "id": 6,
        "order": 8,
        "ligatures": "",
        "prevSize": 32,
        "code": 102,
        "name": "search-grid-view"
      },
      "setIdx": 0,
      "setId": 2,
      "iconIdx": 5
    },
    {
      "icon": {
        "paths": [
          "M0 31.744h1024v153.6h-1024v-153.6zM0 433.152h1024v153.6h-1024v-153.6zM0 838.656h1024v153.6h-1024v-153.6z"
        ],
        "isMulticolor": false,
        "isMulticolor2": false,
        "tags": [
          "search-list-view"
        ],
        "defaultCode": 59654,
        "grid": 0,
        "attrs": []
      },
      "attrs": [],
      "properties": {
        "id": 7,
        "order": 9,
        "ligatures": "",
        "prevSize": 32,
        "code": 103,
        "name": "search-list-view"
      },
      "setIdx": 0,
      "setId": 2,
      "iconIdx": 6
    },
    {
      "icon": {
        "paths": [
          "M1003.52 868.352h-983.040c-11.264 0-20.48 9.216-20.48 20.48v61.44c0 11.264 9.216 20.48 20.48 20.48h983.040c11.264 0 20.48-9.216 20.48-20.48v-61.44c0-11.264-9.216-20.48-20.48-20.48zM1003.52 458.752h-983.040c-11.264 0-20.48 9.216-20.48 20.48v61.44c0 11.264 9.216 20.48 20.48 20.48h983.040c11.264 0 20.48-9.216 20.48-20.48v-61.44c0-11.264-9.216-20.48-20.48-20.48zM1003.52 53.248h-983.040c-11.264 0-20.48 9.216-20.48 20.48v61.44c0 11.264 9.216 20.48 20.48 20.48h983.040c11.264 0 20.48-9.216 20.48-20.48v-61.44c0-11.264-9.216-20.48-20.48-20.48z"
        ],
        "isMulticolor": false,
        "isMulticolor2": false,
        "tags": [
          "menu"
        ],
        "defaultCode": 59655,
        "grid": 0,
        "attrs": []
      },
      "attrs": [],
      "properties": {
        "id": 8,
        "order": 10,
        "ligatures": "",
        "prevSize": 32,
        "code": 104,
        "name": "menu"
      },
      "setIdx": 0,
      "setId": 2,
      "iconIdx": 7
    },
    {
      "icon": {
        "paths": [
          "M1013.76 918.187l-406.187-406.187 406.187-406.187c13.312-13.312 13.653-33.792 1.365-46.421l-50.517-50.517c-12.629-12.288-33.451-11.605-46.421 1.365l-406.187 406.187-406.187-406.187c-13.312-13.312-34.133-13.995-46.421-1.365l-50.517 50.517c-12.288 12.629-11.605 33.451 1.365 46.421l406.187 406.187-406.187 406.187c-13.312 13.312-13.653 33.792-1.365 46.421l50.517 50.517c12.288 12.288 33.109 11.947 46.421-1.365l406.187-406.187 406.187 406.187c13.312 13.312 33.792 13.653 46.421 1.365l50.517-50.517c12.288-12.629 11.605-33.451-1.365-46.421z"
        ],
        "isMulticolor": false,
        "isMulticolor2": false,
        "tags": [
          "close"
        ],
        "defaultCode": 59656,
        "grid": 0,
        "attrs": []
      },
      "attrs": [],
      "properties": {
        "id": 9,
        "order": 11,
        "ligatures": "",
        "prevSize": 32,
        "code": 105,
        "name": "close"
      },
      "setIdx": 0,
      "setId": 2,
      "iconIdx": 8
    },
    {
      "icon": {
        "paths": [
          "M998.4 460.8h-972.8c-13.995 0-25.6 10.923-25.6 24.235v54.272c0 13.312 11.605 24.235 25.6 24.235h972.8c13.995 0 25.6-10.923 25.6-24.235v-54.272c0-13.312-11.605-24.235-25.6-24.235z"
        ],
        "isMulticolor": false,
        "isMulticolor2": false,
        "tags": [
          "collapse"
        ],
        "defaultCode": 59657,
        "grid": 0,
        "attrs": []
      },
      "attrs": [],
      "properties": {
        "id": 10,
        "order": 12,
        "ligatures": "",
        "prevSize": 32,
        "code": 106,
        "name": "collapse"
      },
      "setIdx": 0,
      "setId": 2,
      "iconIdx": 9
    },
    {
      "icon": {
        "paths": [
          "M998.4 460.8h-435.2v-435.2c0-13.995-10.923-25.6-24.235-25.6h-54.272c-13.312 0-24.235 11.605-24.235 25.6v435.2h-434.859c-13.995 0-25.6 10.923-25.6 24.235v54.272c0 13.312 11.605 24.235 25.6 24.235h435.2v435.2c0 13.995 10.923 25.6 24.235 25.6h54.272c13.312 0 24.235-11.264 24.235-25.6v-435.541h435.2c13.995 0 25.6-10.923 25.6-24.235v-54.272c-0.341-12.971-11.605-23.893-25.941-23.893z"
        ],
        "isMulticolor": false,
        "isMulticolor2": false,
        "tags": [
          "expand"
        ],
        "defaultCode": 59658,
        "grid": 0,
        "attrs": []
      },
      "attrs": [],
      "properties": {
        "id": 11,
        "order": 13,
        "ligatures": "",
        "prevSize": 32,
        "code": 107,
        "name": "expand"
      },
      "setIdx": 0,
      "setId": 2,
      "iconIdx": 10
    },
    {
      "icon": {
        "paths": [
          "M791.211 944.128l-432.469-432.128 432.469-432.128c9.899-9.899 10.24-25.6 1.024-34.816l-38.229-38.229c-9.216-9.216-24.917-8.875-34.816 1.024l-487.424 487.083c-4.096 4.096-5.803 9.216-6.144 14.677 0 0.683-0.341 1.365-0.341 2.389 0 0.683 0.341 1.365 0.341 2.048 0.341 5.461 2.389 10.923 6.485 15.019l487.083 487.083c9.899 9.899 25.6 10.581 34.816 1.024l38.229-38.229c9.216-9.216 8.875-24.576-1.024-34.816z"
        ],
        "isMulticolor": false,
        "isMulticolor2": false,
        "tags": [
          "arrow-left"
        ],
        "defaultCode": 59659,
        "grid": 0,
        "attrs": []
      },
      "attrs": [],
      "properties": {
        "id": 12,
        "order": 14,
        "ligatures": "",
        "prevSize": 32,
        "code": 108,
        "name": "arrow-left"
      },
      "setIdx": 0,
      "setId": 2,
      "iconIdx": 11
    },
    {
      "icon": {
        "paths": [
          "M798.379 509.952c-0.341-5.461-2.048-10.923-6.485-15.019l-487.083-487.083c-9.899-9.899-25.6-10.581-34.816-1.024l-38.229 37.888c-9.216 9.557-8.875 24.917 1.024 35.157l432.469 432.128-432.469 432.128c-9.899 9.899-10.24 25.6-1.024 34.816l38.229 38.229c9.216 9.216 24.917 8.875 34.816-1.024l487.083-487.083c4.096-4.096 5.803-9.216 6.144-14.677 0-0.683 0.341-1.365 0.341-2.389 0.341-0.683 0.341-1.365 0-2.048z"
        ],
        "isMulticolor": false,
        "isMulticolor2": false,
        "tags": [
          "arrow-right"
        ],
        "defaultCode": 59660,
        "grid": 0,
        "attrs": []
      },
      "attrs": [],
      "properties": {
        "id": 13,
        "order": 15,
        "ligatures": "",
        "prevSize": 32,
        "code": 109,
        "name": "arrow-right"
      },
      "setIdx": 0,
      "setId": 2,
      "iconIdx": 12
    },
    {
      "icon": {
        "paths": [
          "M1016.149 719.189l-487.083-487.424c-4.096-4.096-9.216-5.803-14.677-6.144-1.024-0.341-1.707-0.341-2.389-0.341s-1.365 0.341-2.048 0.341c-5.461 0.341-10.923 2.389-15.019 6.485l-487.083 487.083c-9.899 9.899-10.581 25.6-1.024 34.816l38.229 38.229c9.216 9.216 24.917 8.875 34.816-1.024l432.128-432.469 432.128 432.128c9.899 9.899 25.6 10.24 34.816 1.024l38.229-38.229c9.557-8.875 8.875-24.576-1.024-34.475z"
        ],
        "isMulticolor": false,
        "isMulticolor2": false,
        "tags": [
          "arrow-up"
        ],
        "defaultCode": 59661,
        "grid": 0,
        "attrs": []
      },
      "attrs": [],
      "properties": {
        "id": 14,
        "order": 16,
        "ligatures": "",
        "prevSize": 32,
        "code": 110,
        "name": "arrow-up"
      },
      "setIdx": 0,
      "setId": 2,
      "iconIdx": 13
    },
    {
      "icon": {
        "paths": [
          "M1017.173 269.995l-38.229-38.229c-9.216-9.216-24.917-8.875-34.816 1.024l-432.128 432.469-432.128-432.469c-9.899-9.899-25.6-10.24-34.816-1.024l-38.229 38.229c-9.557 9.216-8.875 24.917 1.024 34.816l487.083 487.083c4.096 4.096 9.216 5.803 14.677 6.144 0.683 0 1.365 0.341 2.389 0.341 0.683 0 1.365-0.341 2.048-0.341 5.461-0.341 10.923-2.389 15.019-6.485l1.024-1.024 37.205-36.864 448.853-448.853c9.899-9.899 10.581-25.6 1.024-34.816z"
        ],
        "isMulticolor": false,
        "isMulticolor2": false,
        "tags": [
          "arrow-down"
        ],
        "defaultCode": 59662,
        "grid": 0,
        "attrs": []
      },
      "attrs": [],
      "properties": {
        "id": 15,
        "order": 17,
        "ligatures": "",
        "prevSize": 32,
        "code": 111,
        "name": "arrow-down"
      },
      "setIdx": 0,
      "setId": 2,
      "iconIdx": 14
    },
    {
      "icon": {
        "paths": [
          "M851.968-0h-241.664c-11.264 0-20.48 9.216-20.48 20.48v983.040c0 11.264 9.216 20.48 20.48 20.48h241.664c11.264 0 20.48-9.216 20.48-20.48v-983.040c0-11.264-9.216-20.48-20.48-20.48zM413.696-0h-241.664c-11.264 0-20.48 9.216-20.48 20.48v983.040c0 11.264 9.216 20.48 20.48 20.48h241.664c11.264 0 20.48-9.216 20.48-20.48v-983.040c0-11.264-9.216-20.48-20.48-20.48z"
        ],
        "isMulticolor": false,
        "isMulticolor2": false,
        "tags": [
          "carousel-pause"
        ],
        "defaultCode": 59663,
        "grid": 0,
        "attrs": []
      },
      "attrs": [],
      "properties": {
        "id": 16,
        "order": 18,
        "ligatures": "",
        "prevSize": 32,
        "code": 112,
        "name": "carousel-pause"
      },
      "setIdx": 0,
      "setId": 2,
      "iconIdx": 15
    },
    {
      "icon": {
        "paths": [
          "M950.272 528.384l-851.968 491.52c-9.216 6.827-21.845 5.12-28.672-4.096-2.731-3.413-4.096-7.851-4.096-12.288v-983.040c0-11.264 9.216-20.48 20.48-20.48 4.437 0 8.875 1.365 12.288 4.096l851.968 491.52c9.216 6.827 10.923 19.456 4.096 28.672-1.024 1.707-2.389 3.072-4.096 4.096z"
        ],
        "isMulticolor": false,
        "isMulticolor2": false,
        "tags": [
          "carousel-play"
        ],
        "defaultCode": 59664,
        "grid": 0,
        "attrs": []
      },
      "attrs": [],
      "properties": {
        "id": 17,
        "order": 19,
        "ligatures": "",
        "prevSize": 32,
        "code": 113,
        "name": "carousel-play"
      },
      "setIdx": 0,
      "setId": 2,
      "iconIdx": 16
    },
    {
      "icon": {
        "paths": [
          "M155.648 205.141h-40.96c-22.528 0-40.96 18.091-40.96 40.619h122.88c0-22.528-18.432-40.619-40.96-40.619zM962.56 257.707h-143.36c0 0-61.099-20.139-81.92-40.619s-40.96-40.619-40.96-40.619-20.48-40.619-61.44-40.619h-245.76c-40.96 0-61.44 40.619-61.44 40.619s-20.139 19.797-40.96 40.619c-20.821 20.48-81.92 40.619-81.92 40.619h-143.36c-33.792 0-61.44 27.307-61.44 61.099v508.587c0 33.792 27.648 61.099 61.44 61.099h901.12c34.133 0 61.44-27.307 61.44-61.099v-508.587c0-33.792-27.648-61.099-61.44-61.099zM512 806.912c-135.851 0-245.76-109.227-245.76-244.053s109.909-244.053 245.76-244.053c135.851 0 245.76 109.227 245.76 244.053s-109.909 244.053-245.76 244.053zM798.72 410.624c-28.672 0-51.541-22.869-51.541-51.2s23.211-51.2 51.541-51.2c28.331 0 51.541 22.869 51.541 51.2s-23.211 51.2-51.541 51.2zM696.32 562.859c0 101.043-82.523 182.955-184.32 182.955s-184.32-81.912-184.32-182.955c0-101.043 82.523-182.955 184.32-182.955s184.32 81.912 184.32 182.955z"
        ],
        "isMulticolor": false,
        "isMulticolor2": false,
        "tags": [
          "photo-center"
        ],
        "defaultCode": 59665,
        "grid": 0,
        "attrs": []
      },
      "attrs": [],
      "properties": {
        "id": 18,
        "order": 20,
        "ligatures": "",
        "prevSize": 32,
        "code": 114,
        "name": "photo-center"
      },
      "setIdx": 0,
      "setId": 2,
      "iconIdx": 17
    },
    {
      "icon": {
        "paths": [
          "M360.448 9.216v335.872c0 18.091-13.653 32.768-30.379 32.768s-30.72-14.677-30.72-32.768v-344.064c-20.139-1.024-40.96-1.365-61.099 0v344.064c0 18.091-13.653 32.768-30.72 32.768-16.725 0-30.379-14.677-30.379-32.768v-335.872c-35.84 8.192-61.099 21.845-61.099 40.96l-30.72 354.304c0 93.867 58.027 172.715 136.192 195.584v423.936h108.203v-428.715c70.997-27.989 122.197-102.741 122.197-190.805l-30.379-354.304c0-19.115-25.259-33.109-61.099-40.96zM744.107 17.408c-107.179 0-194.219 90.795-194.219 202.752v126.293c0 92.501 59.392 208.555 140.288 246.443v431.104h108.203v-431.104c80.896-37.888 140.288-153.941 140.288-246.443v-126.293c0-111.957-87.040-202.752-194.56-202.752z"
        ],
        "isMulticolor": false,
        "isMulticolor2": false,
        "tags": [
          "food-court"
        ],
        "defaultCode": 59666,
        "grid": 0,
        "attrs": []
      },
      "attrs": [],
      "properties": {
        "id": 19,
        "order": 21,
        "ligatures": "",
        "prevSize": 32,
        "code": 115,
        "name": "food-court"
      },
      "setIdx": 0,
      "setId": 2,
      "iconIdx": 18
    },
    {
      "icon": {
        "paths": [
          "M512-0c-201.523 0-364.783 163.328-364.783 364.749 0 81.852 26.931 157.389 72.465 218.249l233.984 405.265c1.365 2.628 2.731 5.222 4.403 7.612l0.512 0.887 0.137-0.068c11.981 16.521 31.198 27.307 53.487 27.307 20.105 0 37.683-9.182 49.732-23.279l0.614 0.341 2.287-3.994c3.447-4.608 6.451-9.489 8.636-14.916l229.239-397.073c46.455-61.235 74.069-137.523 74.069-220.297-0.034-201.455-163.26-364.783-364.783-364.783z"
        ],
        "isMulticolor": false,
        "isMulticolor2": false,
        "tags": [
          "locator-pin-solid"
        ],
        "defaultCode": 59667,
        "grid": 0,
        "attrs": []
      },
      "attrs": [],
      "properties": {
        "id": 20,
        "order": 49,
        "ligatures": "",
        "prevSize": 32,
        "code": 116,
        "name": "locator-pin-solid"
      },
      "setIdx": 0,
      "setId": 2,
      "iconIdx": 19
    },
    {
      "icon": {
        "paths": [
          "M479.573 446.123c-4.66-2.36-10.080-4.046-15.802-4.754-2.897-0.225-5.993-0.34-9.116-0.34s-6.219 0.115-9.284 0.34l-41.233-0.024v65.877h55.979c6.615-0.917 12.599-2.835 18.074-5.611 4.921-1.882 9.302-5.165 12.597-9.344 3.287-4.716 5.223-10.486 5.223-16.708 0-0.629-0.020-1.254-0.059-1.873 0.036-0.442 0.055-1.057 0.055-1.677 0-5.912-1.67-11.434-4.564-16.12-2.962-4.135-6.992-7.508-11.687-9.69z",
          "M219.819 224.939l19.115 735.915c0 34.133 9.557 63.147 44.032 63.147h458.411c34.133 0 44.032-28.331 44.032-63.147l18.773-735.915zM608.939 812.373l-54.955-102.4-52.907 102.4h-76.117l85.333-136.533-68.267-107.861-5.803-8.192h-31.061v116.053h-63.829v-289.792h112.299c0.058-0 0.126-0 0.194-0 14.803 0 29.229 1.616 43.111 4.682 11.618 2.647 23.039 7.607 33.193 14.328 9.719 6.615 17.814 15.694 23.324 26.329 5.817 11.949 9.107 25.528 9.107 39.875 0 1.002-0.016 2.001-0.048 2.995 0.017 0.426 0.025 1.098 0.025 1.773 0 18.916-6.155 36.395-16.571 50.542-8.935 11.595-21.606 20.278-36.22 24.23l-0.478 0.11v2.048l3.072 5.461 2.389 4.096 43.349 70.997 40.96-80.555h77.483l-77.824 121.515 89.088 136.533z",
          "M214.357 0h595.285c19.228 0 34.816 15.588 34.816 34.816v101.035c0 19.228-15.588 34.816-34.816 34.816h-595.285c-19.228 0-34.816-15.588-34.816-34.816v-101.035c0-19.228 15.588-34.816 34.816-34.816z"
        ],
        "tags": [
          "pharmacy"
        ],
        "defaultCode": 59668,
        "grid": 0,
        "attrs": [
          {},
          {},
          {}
        ],
        "isMulticolor": false,
        "isMulticolor2": false
      },
      "attrs": [
        {},
        {},
        {}
      ],
      "properties": {
        "id": 21,
        "order": 23,
        "ligatures": "",
        "prevSize": 32,
        "code": 117,
        "name": "pharmacy"
      },
      "setIdx": 0,
      "setId": 2,
      "iconIdx": 20
    },
    {
      "icon": {
        "paths": [
          "M512-0c-282.624 0-512 229.035-512 512 0 282.624 229.376 512 512 512s512-229.376 512-512c0-282.965-229.376-512-512-512zM518.485 801.451c-162.133 0-293.547-131.413-293.547-293.547s131.413-293.547 293.547-293.547c162.133 0 293.547 131.413 293.547 293.547 0 161.792-131.413 293.547-293.547 293.547zM439.296 483.669c8.533-26.283-57.344-108.544-90.795-120.832s-56.661 57.685-61.099 71.339c-4.437 13.653-26.624 83.627 7.509 93.525s135.851-17.749 144.384-44.032zM326.997 626.347c-21.845 27.989 37.205 71.68 49.152 80.213 11.605 8.533 71.339 51.2 91.477 21.845 19.797-29.355 24.917-134.827 2.389-150.869-22.528-16.384-121.173 20.821-143.019 48.811zM519.168 425.643c27.648 0 85.675-88.064 86.699-123.563s-72.363-35.84-86.699-35.84c-14.336 0-88.064 0.683-86.699 35.84 1.024 35.499 59.051 123.563 86.699 123.563zM568.661 577.536c-22.528 16.384-17.408 121.515 2.389 150.869s79.531-13.312 91.477-21.845c11.605-8.533 70.997-52.224 49.152-80.213-22.187-27.989-120.832-65.195-143.019-48.811zM689.835 362.837c-33.451 11.947-99.328 94.549-90.795 120.832s110.251 54.272 144.384 44.373c34.133-9.899 11.947-79.872 7.509-93.525-4.437-13.995-27.648-83.627-61.099-71.68zM565.589 504.491c0 25.638-20.784 46.421-46.421 46.421s-46.421-20.784-46.421-46.421c0-25.638 20.784-46.421 46.421-46.421s46.421 20.784 46.421 46.421z"
        ],
        "isMulticolor": false,
        "isMulticolor2": false,
        "tags": [
          "tire-center"
        ],
        "defaultCode": 59669,
        "grid": 0,
        "attrs": []
      },
      "attrs": [],
      "properties": {
        "id": 22,
        "order": 24,
        "ligatures": "",
        "prevSize": 32,
        "code": 118,
        "name": "tire-center"
      },
      "setIdx": 0,
      "setId": 2,
      "iconIdx": 21
    },
    {
      "icon": {
        "paths": [
          "M754.005 179.541h-87.723c8.192-102.4 57.685-124.245 79.531-129.707h21.163c8.745-0.167 15.837-7.022 16.382-15.653l0.002-17.456c0-9.237-7.488-16.725-16.725-16.725h-509.269c-9.237 0-16.725 7.488-16.725 16.725v17.408c0 9.237 7.488 16.725 16.725 16.725h22.869c47.787 10.923 68.267 85.675 74.752 129.707h-84.992c-0.002 0-0.004 0-0.006 0-92.080 0-166.816 74.258-167.589 166.156v434.249c0.386 92.027 74.885 166.526 166.875 166.912h6.181v41.984h-18.091c-9.426 0-17.067 7.641-17.067 17.067s7.641 17.067 17.067 17.067h509.269c9.426 0 17.067-7.641 17.067-17.067s-7.641-17.067-17.067-17.067h-18.091v-41.643h5.461c0 0 0 0 0 0 92.44 0 167.4-74.84 167.594-167.235v-434.195c-0.194-92.413-75.154-167.253-167.594-167.253 0 0 0 0 0 0zM356.693 50.176h307.2c-27.179 35.686-43.848 80.669-44.712 129.507l-84.312 0.2v-14.336h-8.192v-16.725h12.629v12.629h40.96v-59.051h-40.96v12.971h-12.629v-16.725h-8.533v-8.192h16.725c4.619 0 8.363-3.744 8.363-8.363s-3.744-8.363-8.363-8.363h-83.285c-4.619 0-8.363 3.744-8.363 8.363s3.744 8.363 8.363 8.363h16.725v8.192h-8.533v68.267h-8.192v12.629h-48.811c-5.972-48.62-22.341-92.463-46.823-130.602zM409.6 985.088h-100.693v-27.648h100.693v27.648zM562.517 985.088h-100.693v-27.648h100.352v27.648zM715.435 985.088h-101.035v-27.648h100.352v27.648zM586.069 797.013c12.18-27.009 19.277-58.553 19.277-91.755 0-72.718-34.041-137.484-87.056-179.235 0.332 5.648 0.8 12.604 0.8 19.669 0 40.892-15.666 78.125-41.324 106.025 1.148-5.285 1.746-11.23 1.746-17.316 0-17.919-5.191-34.626-14.152-48.699-11.829 37.205-28.17 69.218-48.66 98.078-6.324 14.139-10.45 31.993-10.45 50.81 0 22.55 5.926 43.715 16.305 62.025-96.582-50.801-115.355-101.66-115.355-148.081 4.808-45.283 19.548-86.317 41.995-122.015 6.725-15.151 13.076-34.316 17.389-54.241 12.523 16.558 19.77 39.22 19.77 63.575 0 3.017-0.111 6.008-0.33 8.969 111.298-130.444 88.77-213.729 88.77-213.729 102.4 40.277 130.731 170.667 130.731 170.667 10.242-13.983 16.389-31.527 16.389-50.506 0-11.824-2.386-23.091-6.702-33.345 241.193 240.523-29.485 379.105-29.485 379.105z"
        ],
        "isMulticolor": false,
        "isMulticolor2": false,
        "tags": [
          "propane"
        ],
        "defaultCode": 59670,
        "grid": 0,
        "attrs": []
      },
      "attrs": [],
      "properties": {
        "id": 23,
        "order": 25,
        "ligatures": "",
        "prevSize": 32,
        "code": 119,
        "name": "propane"
      },
      "setIdx": 0,
      "setId": 2,
      "iconIdx": 22
    },
    {
      "icon": {
        "paths": [
          "M953.344 772.437v-582.997l-146.432-177.152c-11.947-14.336-33.451-16.384-47.787-4.437s-16.384 33.451-4.437 47.787l70.997 85.675-14.677 53.589 74.752 82.603v500.395l0.341 2.731c1.365 9.216 0.683 25.941-5.461 33.451-3.072 3.413-8.875 5.461-17.749 5.461-9.899 0-12.288-2.731-13.312-4.096-6.144-7.168-7.168-26.283-5.461-36.864l0.341-2.731v-288.427c0-48.128-13.995-86.016-41.643-112.299-25.6-24.235-55.296-31.744-74.069-33.792v-228.011c0-45.056-36.523-81.579-81.579-81.579h-407.552c-45.056 0-81.579 36.523-81.579 81.579v822.272h-88.405v88.405h740.693v-88.405h-81.579v-525.995c8.192 2.048 18.432 6.144 26.965 14.336 13.653 12.971 20.48 34.133 20.48 63.147v282.965c-1.707 12.971-5.12 57.685 21.163 88.747 10.923 12.971 31.061 27.989 65.195 27.989 37.205 0 58.368-16.043 69.632-29.696 25.6-30.037 22.528-72.021 21.163-84.651zM649.899 296.619c0 40.277-32.427 72.704-72.704 72.704h-260.779c-40.277 0-72.704-32.427-72.704-72.704v-115.371c0-40.277 32.427-72.704 72.704-72.704h260.779c40.277 0 72.704 32.768 72.704 72.704v115.371z"
        ],
        "isMulticolor": false,
        "isMulticolor2": false,
        "tags": [
          "gas-station"
        ],
        "defaultCode": 59671,
        "grid": 0,
        "attrs": []
      },
      "attrs": [],
      "properties": {
        "id": 24,
        "order": 26,
        "ligatures": "",
        "prevSize": 32,
        "code": 120,
        "name": "gas-station"
      },
      "setIdx": 0,
      "setId": 2,
      "iconIdx": 23
    },
    {
      "icon": {
        "paths": [
          "M187.733 644.028c-42.94 0-77.858 34.918-77.858 77.858s34.918 77.892 77.858 77.892 77.858-34.918 77.858-77.892c0-42.94-34.918-77.858-77.858-77.858zM187.733 765.645c-24.098 0-43.725-19.627-43.725-43.759s19.627-43.725 43.725-43.725 43.725 19.627 43.725 43.725-19.627 43.759-43.725 43.759zM843.674 644.028c-42.974 0-77.892 34.918-77.892 77.858s34.918 77.892 77.892 77.892c42.94 0 77.824-34.918 77.824-77.892 0-42.94-34.884-77.858-77.824-77.858zM843.674 765.645c-24.132 0-43.759-19.627-43.759-43.759s19.627-43.725 43.759-43.725c24.098 0 43.691 19.627 43.691 43.725s-19.593 43.759-43.691 43.759zM1012.019 676.079c0-29.798 0-121.993 0-127.113 0-2.731-0.375-16.862-3.038-20.514-4.54-6.281-16.998-10.513-19.217-11.571-2.287-1.058-92.774-38.4-96.529-40.789-2.355-1.468-5.222-3.038-8.636-8.363-3.379-5.257-55.159-97.246-58.539-104.141-4.54-9.284-9.489-15.735-19.524-15.735h-135.27v-80.213c0-23.962-16.725-43.418-37.274-43.418h-584.294c-20.548 0-37.274 19.456-37.274 43.418v408.337c-7.031 1.468-12.425 7.407-12.425 14.882v20.685c0 8.567 6.929 15.497 15.497 15.497h60.587c-0.068-1.707-0.273-3.447-0.273-5.154 0-6.758 1.024-13.21 2.185-19.627 1.673-9.387 4.164-18.466 8.055-26.897 0 0 30.379-65.638 104.858-65.638 59.187 0 107.11 46.49 110.251 104.926 0.034 2.389 0.102 4.779 0.102 7.202 0 1.707-0.171 3.413-0.239 5.154h430.524c-0.068-1.707-0.239-3.447-0.239-5.154 0-7.066 0.717-13.961 2.014-20.685h0.887c9.694-51.883 55.194-91.204 109.909-91.204 45.978 0 85.129 27.921 102.332 67.55 3.277 7.509 6.007 15.36 7.578 23.62 1.263 6.724 2.014 13.619 2.014 20.685 0 1.707-0.171 3.413-0.273 5.154h52.804c8.533 0 15.462-6.929 15.462-15.497v-20.617c-0.034-7.339-5.188-13.141-12.015-14.78zM835.925 484.557h-131.584c-3.686 0-6.724-3.004-6.724-6.69v-83.388c0-3.755 3.038-6.758 6.724-6.758h91.58c3.721 0 4.676 2.697 6.724 6.758 2.116 4.164 36.42 75.435 39.253 81.783 0.922 2.082 1.161 8.090-5.973 8.294z"
        ],
        "isMulticolor": false,
        "isMulticolor2": false,
        "tags": [
          "business-center"
        ],
        "defaultCode": 59672,
        "grid": 0,
        "attrs": []
      },
      "attrs": [],
      "properties": {
        "id": 25,
        "order": 27,
        "ligatures": "",
        "prevSize": 32,
        "code": 121,
        "name": "business-center"
      },
      "setIdx": 0,
      "setId": 2,
      "iconIdx": 24
    },
    {
      "icon": {
        "paths": [
          "M628.736 294.571c16.384 5.12 12.971 4.437 22.528 0 12.512-8.452 27.099-15.035 42.752-18.918 3.804-0.534 7.122-0.726 10.486-0.726 19.125 0 36.798 6.217 51.108 16.74 20.923 14.168 128.102 110.083 128.102 110.083s90.112 5.803 122.197 11.947l-186.709-133.12c-32.463-22.328-70.76-38.861-112.045-47.118-4.569-0.545-7.606-0.67-10.672-0.67-31.608 0-60.128 13.219-80.334 34.431-0.043 9.944-3.797 22.573 12.587 27.352z",
          "M268.971 292.181c14.071-10.355 31.744-16.572 50.869-16.572 3.364 0 6.683 0.192 9.946 0.567 16.193 4.042 30.78 10.625 43.778 19.386 9.071 3.446 5.658 4.129 22.042-0.309s12.629-17.408 11.947-25.941c-20.249-21.257-48.769-34.476-80.377-34.476-3.066 0-6.103 0.124-9.106 0.368-42.604 7.942-80.822 23.797-114.405 46.080l-184.891 133.094c31.744-6.144 122.197-11.947 122.197-11.947s106.837-95.232 128-110.251z",
          "M1021.952 466.603c-67.423-12.426-145.008-19.533-224.252-19.533-15.606 0-31.148 0.276-46.621 0.822-65.579 1.453-129.887 14.593-189.388 37.433-13.465 4.786-33.484 8.311-54.327 8.311-26.755 0-52.153-5.808-75.003-16.232-65.17-21.037-141.467-33.507-220.653-33.671-64.3 2.523-124.566 8.392-183.759 17.514-27.95 5.696-27.95 10.816-27.95 10.816v61.44c14.629 7.189 25.405 20.314 29.277 36.149 7.587 18.465 19.533 96.971 36.6 143.051s51.541 75.776 128.683 77.824 146.773-5.461 191.829-50.517c27.488-26.43 48.861-59.012 61.923-95.545 12.147-26.311 19.656-78.194 34.675-90.482 6.791-4.768 15.23-7.62 24.335-7.62 17.433 0 32.425 10.456 39.045 25.438 13.188 39.836 26.244 72.126 41.033 103.438 18.11 43.81 57.707 81.737 106.939 99.519 31.693 9.813 66.637 15.229 102.845 15.229s71.151-5.416 104.063-15.481c46.294-17.77 58.241-75.797 63.019-85.354s26.965-109.909 34.133-129.707c4.555-12.215 13.707-21.811 25.298-26.848zM363.861 671.403c-29.013 62.805-95.915 68.267-128 68.267-5.24 0.458-11.338 0.719-17.497 0.719-24.146 0-47.355-4.011-68.997-11.404-23.757-7.746-44.92-51.437-51.064-120.386s12.288-88.064 22.528-96.256c29.878-12.008 64.518-18.974 100.784-18.974 6.093 0 12.139 0.197 18.134 0.584s137.423-0.042 149.028 44.331 4.096 71.339-24.917 134.144zM925.355 610.987c-6.144 68.267-27.307 112.64-52.565 120.832-20.14 6.947-43.349 10.959-67.495 10.959-6.159 0-12.256-0.261-18.283-0.772-30.958-2.677-97.859-7.114-127.214-68.213s-38.229-88.405-26.624-133.803 151.893-46.080 151.893-46.080c3.879-0.194 8.422-0.305 12.992-0.305 38.294 0 74.775 7.766 107.952 21.809 7.398 7.509 25.489 26.965 19.345 95.573z"
        ],
        "tags": [
          "optical"
        ],
        "defaultCode": 59673,
        "grid": 0,
        "attrs": [
          {},
          {},
          {}
        ],
        "isMulticolor": false,
        "isMulticolor2": false
      },
      "attrs": [
        {},
        {},
        {}
      ],
      "properties": {
        "id": 26,
        "order": 28,
        "ligatures": "",
        "prevSize": 32,
        "code": 122,
        "name": "optical"
      },
      "setIdx": 0,
      "setId": 2,
      "iconIdx": 25
    },
    {
      "icon": {
        "paths": [
          "M723.627 185.003c33.451 0 60.416-26.965 60.416-60.416 0.341-33.451-60.416-124.587-60.416-124.587s-60.416 91.136-60.416 124.245c0 33.451 26.965 60.757 60.416 60.757zM512 185.003c33.451 0 60.416-26.965 60.416-60.416s-60.416-124.587-60.416-124.587-60.416 91.136-60.416 124.245c0 33.451 26.965 60.757 60.416 60.757zM300.373 185.003c33.451 0 60.416-26.965 60.416-60.416s-60.416-124.587-60.416-124.587-60.416 91.136-60.416 124.245c0 33.451 26.965 60.757 60.416 60.757zM1012.736 545.109c0-30.379-24.917-55.296-54.955-55.296h-65.877l-47.787-124.245c-11.947-30.72-47.445-40.619-79.531-49.493 0 0-82.261-23.552-252.587-23.552s-252.587 23.552-252.587 23.552c-31.744 9.216-67.584 18.773-79.189 49.493l-47.787 124.245h-65.877c-30.379 0-54.955 24.917-54.955 55.296 0 30.037 24.235 54.613 54.272 54.955-8.192 30.037-14.336 67.584-14.336 93.184v260.437c0 38.571 31.403 69.973 69.973 69.973s69.973-31.403 69.973-69.973v-39.936h641.024v39.936c0 38.571 31.403 69.973 69.973 69.973s69.973-31.403 69.973-69.973v-260.437c0-25.941-5.803-63.488-14.336-93.184 30.379-0.341 54.613-24.917 54.613-54.955zM188.416 561.493l56.32-152.576c3.755-10.24 16.043-18.773 26.965-18.773h480.597c10.923 0 23.211 8.533 26.965 18.773l56.32 152.576c3.755 10.24-2.048 18.773-12.971 18.773h-620.885c-11.264 0-17.067-8.533-13.312-18.773zM186.709 743.765c-30.379 0-54.955-24.576-54.955-54.955s24.576-54.955 54.955-54.955 54.955 24.576 54.955 54.955c0 30.037-24.576 54.955-54.955 54.955zM837.632 743.765c-30.379 0-54.955-24.576-54.955-54.955s24.576-54.955 54.955-54.955c30.379 0 54.955 24.576 54.955 54.955 0 30.037-24.576 54.955-54.955 54.955z"
        ],
        "isMulticolor": false,
        "isMulticolor2": false,
        "tags": [
          "carwash"
        ],
        "defaultCode": 59674,
        "grid": 0,
        "attrs": []
      },
      "attrs": [],
      "properties": {
        "id": 27,
        "order": 29,
        "ligatures": "",
        "prevSize": 32,
        "code": 49,
        "name": "carwash"
      },
      "setIdx": 0,
      "setId": 2,
      "iconIdx": 26
    },
    {
      "icon": {
        "paths": [
          "M993.28 229.035c-57.685-163.84-200.021-253.269-358.741-223.232-170.667 31.744-264.875 192.512-204.8 382.635 4.205 14.424 17.306 24.784 32.828 24.784 5.578 0 10.844-1.338 15.493-3.711 21.311-5.713 26.431-18.001 21.652-39.846-4.575-23.867-8.334-53.121-10.439-82.833-0.589-7.464-0.844-13.237-0.844-19.069 0-108.207 87.719-195.925 195.925-195.925 8.67 0 17.209 0.563 25.582 1.655 129.185 17.31 228.532 127.655 228.532 261.203 0 3.055-0.052 6.097-0.155 9.127 0.051 1.29 0.074 3.328 0.074 5.372 0 37.161-7.423 72.588-20.867 104.88-27.4 66.316-64.796 124.849-110.718 175.51-50.551 54.932-89.651 122.163-112.265 196.572-10.082 36.002-25.617 64.024-46.212 87.495-18.684 21.734-46.518 35.566-77.582 35.566-12.503 0-24.482-2.241-35.558-6.342-39.314-14.22-67.43-51.823-67.558-96.011 0.137-20.388 3.88-39.844 10.621-57.836 1.246-2.683 2.191-7.151 2.191-11.839 0-15.010-9.688-27.757-23.152-32.329-4.277-1.887-8.991-2.946-13.951-2.946-14.614 0-27.083 9.184-31.95 22.096-12.035 23.504-19.044 51.008-19.044 80.148 0 43.963 15.953 84.2 42.385 115.239 30.13 39.811 77.729 65.425 131.31 65.425 15.137 0 29.796-2.044 43.717-5.872 83.496-17.479 126.845-80.967 151.421-156.743 20.105-67.083 51.685-125.272 92.844-175.278 29.082-29.816 56.362-63.273 80.604-98.96 68.557-113.516 103.714-230.594 58.658-358.935z",
          "M596.992 471.381c-8.222 7.414-15.797 14.989-22.967 22.936-15.034 16.039-24.12 37.309-24.12 60.702 0 25.594 10.876 48.647 28.258 64.791 34.189 29.064 82.999 20.531 117.815-20.77 21.681-25.068 34.89-57.986 34.89-93.989 0-37.982-14.701-72.53-38.722-98.265-17.195-21.732-31.886-46.733-42.872-73.64-5.938-10.419-9.019-20.572-9.019-31.444 0-20.978 11.47-39.278 28.48-48.969 9.66-6.31 21.16-9.979 33.518-9.979 22.4 0 41.984 12.054 52.621 30.030 10.395 15.644 18.246 32.71 27.803 48.412 5.337 8.832 14.887 14.645 25.794 14.645 5.314 0 10.305-1.38 14.636-3.801 10.536-3.544 18.092-13.486 18.092-25.193 0-1.807-0.18-3.572-0.523-5.278-14.999-67.539-72.024-118.305-141.768-123.7-65.934 2.64-118.318 54.788-121.361 119.835-0.063 1.873-0.093 3.745-0.093 5.624 0 36.227 11.132 69.855 30.161 97.648 19.415 33.2 17.708 42.758-10.623 70.406z",
          "M92.501 621.227c-7.73-25.201-12.18-54.17-12.18-84.178 0-71.98 25.61-137.979 68.215-189.382 18.718-23.401 18.035-39.785-0.397-54.803s-34.133-10.24-53.931 12.288c-52.515 62.638-84.412 144.109-84.412 233.031 0 106.301 45.584 201.954 118.271 268.481 7.513 7.993 17.348 13.229 28.385 14.563 12.016-0.041 22.388-6.077 28.473-15.213 14.073-20.605 4.516-36.648-10.844-50.984-38.337-35.183-66.794-80.552-81.107-131.822z",
          "M214.357 495.957c7.66-27.377 20.473-51.135 37.439-71.282 4.419-5.070 7.255-12.112 7.255-19.816 0-5.124-1.255-9.955-3.473-14.203-4.306-9.578-12.855-16.781-23.24-19.24-1.661-0.223-3.316-0.324-4.994-0.324-13.772 0-25.956 6.797-33.382 17.219-30.591 36.298-50.187 82.561-53.301 133.28-0.61 6.693-0.94 13.718-0.94 20.821 0 67.589 29.855 128.205 77.098 169.379 6.57 8.369 16.344 13.559 27.33 13.559 16.929 0 30.98-12.324 33.669-28.491 3.099-16.242-6.799-26.823-17.039-37.404-32.058-30.367-52.007-73.239-52.007-120.77 0-15.194 2.038-29.911 5.857-43.894z",
          "M350.891 502.101c1.993-4.204 3.157-9.134 3.157-14.336 0-18.851-15.282-34.133-34.133-34.133-0.030 0-0.059 0-0.089 0-5.356 0.769-10.19 2.448-14.542 4.887-21.511 17.173-35.313 43.604-35.313 73.259 0 5.676 0.506 11.233 1.474 16.63 0.764 32.153 19.264 60.364 46.212 74.977 4.212 2.036 8.611 3.090 13.256 3.090 9.819 0 18.538-4.712 24.019-11.998 5.172-4.992 8.35-11.891 8.35-19.533s-3.179-14.541-8.286-19.447c-9.953-10.005-16.101-23.787-16.101-39.004 0-13.050 4.52-25.044 12.081-34.501z"
        ],
        "tags": [
          "hearing-aid"
        ],
        "defaultCode": 59675,
        "grid": 0,
        "attrs": [
          {},
          {},
          {},
          {},
          {}
        ],
        "isMulticolor": false,
        "isMulticolor2": false
      },
      "attrs": [
        {},
        {},
        {},
        {},
        {}
      ],
      "properties": {
        "id": 28,
        "order": 30,
        "ligatures": "",
        "prevSize": 32,
        "code": 50,
        "name": "hearing-aid"
      },
      "setIdx": 0,
      "setId": 2,
      "iconIdx": 27
    },
    {
      "icon": {
        "paths": [
          "M987.819 433.152h-121.173v-157.355c-0.888-19.865-5.703-38.399-13.682-55.134-6.769-17.237-16.701-32.76-29.062-45.984l-92.766-93.442c-13.561-12.524-29.689-22.502-47.48-29.037-16.925-7.616-35.507-12.088-55.075-12.602l-411.834-0.004c-0.386-0.009-0.84-0.015-1.295-0.015-15.932 0-30.337 6.536-40.68 17.073-10.554 10.361-17.090 24.766-17.090 40.698 0 0.455 0.005 0.909 0.016 1.362l-0.001 334.781h-123.563c-25.6-0.341-34.133 10.24-34.133 44.373v296.96c0 0.024 0 0.053 0 0.081 0 5.334 2.224 10.148 5.796 13.566 3.47 3.572 8.304 5.791 13.657 5.809h136.537v132.779c-0.001 0.102-0.001 0.222-0.001 0.342 0 32.424 26.285 58.709 58.709 58.709 0.12 0 0.241 0 0.361-0.001h592.536c0.102 0.001 0.222 0.001 0.342 0.001 32.424 0 58.709-26.285 58.709-58.709 0-0.12 0-0.241-0.001-0.361v-134.125h136.533c0.024 0 0.053 0 0.081 0 5.334 0 10.148-2.224 13.566-5.796 3.583-3.377 5.811-8.145 5.811-13.434 0-0.080-0.001-0.159-0.002-0.239v-307.188c1.365-22.528-2.389-33.109-34.816-33.109zM787.797 905.899h-551.595v-157.696h551.595v157.696zM787.797 564.565h-551.595v-446.464h393.899v23.211c0 129.024 0 134.485 136.533 134.485h21.163v289.451zM927.744 568.32c-22.433 0-40.619-18.186-40.619-40.619s18.186-40.619 40.619-40.619c22.433 0 40.619 18.186 40.619 40.619 0.004 0.203 0.006 0.443 0.006 0.683 0 22.433-18.186 40.619-40.619 40.619-0.002 0-0.004 0-0.006 0z"
        ],
        "isMulticolor": false,
        "isMulticolor2": false,
        "tags": [
          "print"
        ],
        "defaultCode": 59676,
        "grid": 0,
        "attrs": []
      },
      "attrs": [],
      "properties": {
        "id": 29,
        "order": 31,
        "ligatures": "",
        "prevSize": 32,
        "code": 51,
        "name": "print"
      },
      "setIdx": 0,
      "setId": 2,
      "iconIdx": 28
    },
    {
      "icon": {
        "paths": [
          "M864.256-0h-704.512c-88.064 0-159.744 71.68-159.744 159.744v0 704.512c0 88.064 71.68 159.744 159.744 159.744h704.512c88.064 0 159.744-71.68 159.744-159.744v0-704.512c0-88.064-71.68-159.744-159.744-159.744zM830.123 381.952l-363.179 363.52c-13.995 14.677-37.547 15.36-52.224 1.024-0.341-0.341-209.92-209.92-209.92-209.92-14.677-13.995-15.36-37.547-1.024-52.224 0.341-0.341 62.464-62.464 62.464-62.464 13.995-14.677 37.547-15.36 52.224-1.024 0.341 0.341 123.904 123.904 123.904 123.904l274.432-274.432c13.995-14.677 35.84-17.067 50.176-2.731 3.413 3.413 62.805 63.147 62.805 63.147 16.384 17.749 14.336 36.864 0.341 51.2z"
        ],
        "isMulticolor": false,
        "isMulticolor2": false,
        "tags": [
          "checkbox-selected"
        ],
        "defaultCode": 59677,
        "grid": 0,
        "attrs": []
      },
      "attrs": [],
      "properties": {
        "id": 30,
        "order": 32,
        "ligatures": "",
        "prevSize": 32,
        "code": 52,
        "name": "checkbox-selected"
      },
      "setIdx": 0,
      "setId": 2,
      "iconIdx": 29
    },
    {
      "icon": {
        "paths": [
          "M864.256 1024h-704.512c-88.064 0-159.744-71.68-159.744-159.744v0-704.512c0-88.064 71.68-159.744 159.744-159.744v0h704.512c88.064 0 159.744 71.68 159.744 159.744v0 704.512c0 88.064-71.68 159.744-159.744 159.744v0zM159.744 65.536c-51.883 0-94.208 42.325-94.208 94.208v0 704.512c0 51.883 42.325 94.208 94.208 94.208v0h704.512c51.883 0 94.208-42.325 94.208-94.208v0-704.512c0-51.883-42.325-94.208-94.208-94.208v0h-704.512z"
        ],
        "isMulticolor": false,
        "isMulticolor2": false,
        "tags": [
          "checkbox-unselected"
        ],
        "defaultCode": 59678,
        "grid": 0,
        "attrs": []
      },
      "attrs": [],
      "properties": {
        "id": 31,
        "order": 33,
        "ligatures": "",
        "prevSize": 32,
        "code": 53,
        "name": "checkbox-unselected"
      },
      "setIdx": 0,
      "setId": 2,
      "iconIdx": 30
    },
    {
      "icon": {
        "paths": [
          "M1006.251 313.685l-574.123 574.464c-22.187 23.211-59.051 23.893-82.261 1.707-0.683-0.683-331.776-331.776-331.776-331.776-23.211-22.187-23.893-59.051-1.707-82.261 0.683-0.683 98.987-98.987 98.987-98.987 22.187-23.211 59.051-23.893 82.261-1.707 0.683 0.683 195.925 195.925 195.925 195.925l433.493-433.835c22.187-23.211 56.661-26.965 79.531-4.437 5.12 5.12 99.328 100.011 99.328 100.011 25.6 28.331 22.528 58.368 0.341 80.896z"
        ],
        "isMulticolor": false,
        "isMulticolor2": false,
        "tags": [
          "checkmark"
        ],
        "defaultCode": 59679,
        "grid": 0,
        "attrs": []
      },
      "attrs": [],
      "properties": {
        "id": 32,
        "order": 34,
        "ligatures": "",
        "prevSize": 32,
        "code": 54,
        "name": "checkmark"
      },
      "setIdx": 0,
      "setId": 2,
      "iconIdx": 31
    },
    {
      "icon": {
        "paths": [
          "M507.543 60.235c-249.525 0-451.765 202.27-451.765 451.765 0 249.525 202.24 451.765 451.765 451.765s451.765-202.24 451.765-451.765c0-249.495-202.24-451.765-451.765-451.765zM507.543 879.074c-202.782 0-367.074-164.382-367.074-367.074 0-202.722 164.292-367.074 367.074-367.074 202.752 0 366.984 164.322 366.984 367.074 0 202.692-164.232 367.074-366.984 367.074zM446.524 230.099h121.946v385.325h-121.946v-385.325zM582.295 735.744c0 41.301-33.481 74.782-74.782 74.782s-74.782-33.481-74.782-74.782c0-41.301 33.481-74.782 74.782-74.782s74.782 33.481 74.782 74.782z"
        ],
        "isMulticolor": false,
        "isMulticolor2": false,
        "tags": [
          "alert"
        ],
        "defaultCode": 59680,
        "grid": 0,
        "attrs": []
      },
      "attrs": [],
      "properties": {
        "id": 33,
        "order": 35,
        "ligatures": "",
        "prevSize": 32,
        "code": 55,
        "name": "alert"
      },
      "setIdx": 0,
      "setId": 2,
      "iconIdx": 32
    },
    {
      "icon": {
        "paths": [
          "M1024 402.091c0 8.875-5.461 18.773-16.043 29.696l-223.232 217.771 52.907 307.541c0.341 2.731 0.683 6.827 0.683 12.288 0 8.533-2.048 16.043-6.485 21.845s-10.581 8.875-18.773 8.875c-7.851 0-16.043-2.389-24.576-7.509l-276.48-145.067-276.139 145.067c-8.875 4.779-17.067 7.509-24.576 7.509-8.533 0-15.019-3.072-19.456-8.875s-6.485-13.312-6.485-21.845c0-2.389 0.341-6.485 1.365-12.288l52.907-307.541-223.915-217.771c-10.581-11.264-15.701-21.163-15.701-29.696 0-15.019 11.605-24.576 34.475-28.331l308.907-45.056 138.581-279.893c7.851-16.725 17.749-25.259 30.037-25.259s22.187 8.533 30.037 25.259l138.581 279.893 308.907 45.056c22.869 3.755 34.475 13.312 34.475 28.331z"
        ],
        "isMulticolor": false,
        "isMulticolor2": false,
        "tags": [
          "product-star-rating"
        ],
        "defaultCode": 59684,
        "grid": 0,
        "attrs": []
      },
      "attrs": [],
      "properties": {
        "id": 34,
        "order": 36,
        "ligatures": "",
        "prevSize": 32,
        "code": 56,
        "name": "product-star-rating"
      },
      "setIdx": 0,
      "setId": 2,
      "iconIdx": 33
    },
    {
      "icon": {
        "paths": [
          "M1024 58.368c-87.723-25.259-187.051-39.253-286.037-39.253-353.28 0-674.133 222.891-729.771 501.76-54.272 272.384 171.691 484.011 515.413 484.011 78.165 0 243.712-11.264 319.147-37.888l83.968-357.376c-81.237 54.613-167.936 88.747-268.629 88.747-131.072 0-228.352-81.237-207.189-186.368 20.821-103.765 144.384-186.368 275.456-186.368 98.987 0 178.176 44.373 237.909 96.256l59.733-363.52z"
        ],
        "isMulticolor": false,
        "isMulticolor2": false,
        "tags": [
          "member-only-item"
        ],
        "defaultCode": 59685,
        "grid": 0,
        "attrs": []
      },
      "attrs": [],
      "properties": {
        "id": 35,
        "order": 37,
        "ligatures": "",
        "prevSize": 32,
        "code": 57,
        "name": "member-only-item"
      },
      "setIdx": 0,
      "setId": 2,
      "iconIdx": 34
    },
    {
      "icon": {
        "paths": [
          "M972.8-0h-921.6c-28.331 0-51.2 22.869-51.2 51.2v921.6c0 28.331 22.869 51.2 51.2 51.2h921.6c28.331 0 51.2-22.869 51.2-51.2v-921.6c0-28.331-22.869-51.2-51.2-51.2zM396.971 713.045c-111.275 0-201.387-90.112-201.387-201.045 0-111.275 90.112-201.045 201.387-201.045 54.272 0 99.669 19.797 134.827 52.565l-54.613 52.565c-15.019-14.336-40.96-31.061-80.213-31.061-68.608 0-124.587 57.003-124.587 126.976s55.979 126.976 124.587 126.976c79.531 0 109.568-57.344 114.005-86.699h-114.005v-68.949h189.781c1.707 10.24 3.072 20.139 3.072 33.451 0.341 114.688-76.8 196.267-192.853 196.267zM828.075 540.672h-57.344v57.685h-57.344v-57.685h-57.344v-57.344h57.344v-57.685h57.685v57.685h57.685l-0.683 57.344z"
        ],
        "isMulticolor": false,
        "isMulticolor2": false,
        "tags": [
          "social-google"
        ],
        "defaultCode": 59686,
        "grid": 0,
        "attrs": []
      },
      "attrs": [],
      "properties": {
        "id": 36,
        "order": 38,
        "ligatures": "",
        "prevSize": 32,
        "code": 48,
        "name": "social-google"
      },
      "setIdx": 0,
      "setId": 2,
      "iconIdx": 35
    },
    {
      "icon": {
        "paths": [
          "M512-0c-282.624 0-512 229.376-512 512 0 209.579 125.952 389.803 306.517 468.992-1.365-35.84-0.341-78.507 8.875-117.419 9.899-41.643 65.877-278.869 65.877-278.869s-16.384-32.768-16.384-80.896c0-75.776 44.032-132.437 98.645-132.437 46.421 0 68.949 34.816 68.949 76.8 0 46.763-30.037 116.736-45.056 181.589-12.971 54.272 27.307 98.645 80.896 98.645 96.939 0 162.475-124.587 162.475-272.043 0-112.299-75.435-196.267-212.992-196.267-155.307 0-251.904 115.712-251.904 245.077 0 44.715 13.312 76.117 33.792 100.352 9.557 11.264 10.923 15.701 7.168 28.672-2.389 9.557-8.192 32.085-10.581 40.96-3.413 12.971-13.995 17.749-25.6 12.971-71.68-29.355-104.789-107.52-104.789-195.584 0-145.408 122.539-319.829 365.909-319.829 195.584 0 324.267 141.312 324.267 293.205 0 200.704-111.616 350.891-276.139 350.891-55.296 0-107.179-30.037-125.269-63.829 0 0-29.696 118.101-35.84 140.629-10.923 39.595-32.085 78.848-51.541 109.568 45.739 13.312 94.208 20.821 144.725 20.821 282.624 0 512-229.376 512-512s-229.376-512-512-512z"
        ],
        "isMulticolor": false,
        "isMulticolor2": false,
        "tags": [
          "social-pinterest"
        ],
        "defaultCode": 59687,
        "grid": 0,
        "attrs": []
      },
      "attrs": [],
      "properties": {
        "id": 37,
        "order": 39,
        "ligatures": "",
        "prevSize": 32,
        "code": 65,
        "name": "social-pinterest"
      },
      "setIdx": 0,
      "setId": 2,
      "iconIdx": 36
    },
    {
      "icon": {
        "paths": [
          "M967.339-0h-910.677c-31.403 0-56.661 25.259-56.661 56.661v911.019c0 31.061 25.259 56.32 56.661 56.32h490.496v-396.629h-133.461v-154.624h133.461v-114.005c0-132.096 80.896-204.117 198.656-204.117 56.661 0 105.131 4.096 119.125 6.144v138.24h-81.92c-64.171 0-76.459 30.379-76.459 75.093v98.645h152.917l-19.797 154.624h-133.12v396.629h260.779c31.061 0 56.661-25.259 56.661-56.661v-910.677c0-31.403-25.259-56.661-56.661-56.661z"
        ],
        "isMulticolor": false,
        "isMulticolor2": false,
        "tags": [
          "social-facebook"
        ],
        "defaultCode": 59688,
        "grid": 0,
        "attrs": []
      },
      "attrs": [],
      "properties": {
        "id": 38,
        "order": 40,
        "ligatures": "",
        "prevSize": 32,
        "code": 66,
        "name": "social-facebook"
      },
      "setIdx": 0,
      "setId": 2,
      "iconIdx": 37
    },
    {
      "icon": {
        "paths": [
          "M1024 194.219c-37.888 16.725-78.165 27.989-120.832 33.109 43.349-25.941 76.8-67.243 92.501-116.053-40.619 23.893-85.333 41.643-133.461 50.859-38.229-40.96-92.843-66.219-153.259-66.219-116.053 0-209.92 94.208-209.92 209.92 0 16.384 1.707 32.427 5.461 47.787-174.763-8.533-329.728-92.16-433.152-219.136-18.091 30.72-28.672 66.901-28.672 105.472 0 73.045 37.205 137.216 93.525 174.763-34.475-1.024-66.901-10.581-95.232-26.283 0 1.024 0 1.707 0 2.731 0 101.717 72.363 186.709 168.619 206.165-17.749 4.779-36.181 7.168-55.296 7.168-13.653 0-26.624-1.365-39.595-3.755 26.624 83.285 104.448 144.043 196.267 145.749-72.021 56.661-162.475 90.112-260.779 90.112-17.067 0-33.792-1.024-50.176-3.072 92.843 59.733 203.435 94.549 322.219 94.549 386.389 0 597.675-320.171 597.675-597.675 0-9.216 0-18.091-0.683-27.307 40.96-29.696 76.459-66.56 104.789-108.885v0z"
        ],
        "isMulticolor": false,
        "isMulticolor2": false,
        "tags": [
          "social-twitter"
        ],
        "defaultCode": 59689,
        "grid": 0,
        "attrs": []
      },
      "attrs": [],
      "properties": {
        "id": 39,
        "order": 41,
        "ligatures": "",
        "prevSize": 32,
        "code": 67,
        "name": "social-twitter"
      },
      "setIdx": 0,
      "setId": 2,
      "iconIdx": 38
    },
    {
      "icon": {
        "paths": [
          "M825.003 1023.659c-0.341 0-0.683 0-1.024 0s-0.683 0-1.024 0h2.048zM999.765 761.515l-253.952-249.173 250.88-254.635c16.043-15.019 24.917-36.523 24.235-58.709 0.683-22.187-7.851-43.349-24.235-58.709l-117.077-117.077c-14.677-15.701-35.84-23.893-57.344-23.211-22.187-0.683-43.349 7.851-58.709 24.235l-253.952 253.952-255.659-252.928c-15.019-16.384-36.181-24.917-58.368-24.235-21.845-1.024-42.667 7.509-57.685 23.211l-112.64 120.832c-16.043 15.019-24.917 36.523-23.893 58.709 0 20.821 8.875 40.619 23.893 54.613l252.928 253.952-252.928 249.173c-17.749 16.043-26.965 39.253-25.259 63.147-1.024 21.504 7.509 42.667 23.211 57.685l114.347 117.077c16.043 17.067 38.912 26.283 62.464 24.235 22.187 0.683 43.349-7.851 58.709-24.235l250.88-253.952 256.683 253.952c15.019 16.043 35.84 24.576 57.685 24.235 21.845 0.683 42.667-8.192 57.685-24.235l119.125-121.856c15.701-15.019 24.235-35.84 23.211-57.685 0.683-21.845-8.192-43.349-24.235-58.368z"
        ],
        "isMulticolor": false,
        "isMulticolor2": false,
        "tags": [
          "x"
        ],
        "defaultCode": 59690,
        "grid": 0,
        "attrs": []
      },
      "attrs": [],
      "properties": {
        "id": 40,
        "order": 42,
        "ligatures": "",
        "prevSize": 32,
        "code": 68,
        "name": "x"
      },
      "setIdx": 0,
      "setId": 2,
      "iconIdx": 39
    },
    {
      "icon": {
        "paths": [
          "M933.888 957.099l-231.083-314.368c80.213-67.243 131.413-166.571 131.413-277.504-0.341-201.387-168.277-365.227-374.443-365.227s-374.443 163.84-374.443 365.568c0 201.728 167.936 365.568 374.443 365.568 57.344 0 111.275-12.971 159.744-35.499l233.813 317.781c7.851 10.923 22.869 13.653 33.451 6.485l42.667-29.696c10.24-7.509 12.288-22.187 4.437-33.109zM459.776 643.755c-157.013 0-285.013-124.928-285.013-278.187s127.659-278.187 285.013-278.187c157.013 0 285.013 124.928 285.013 278.187-0.341 153.259-128 278.187-285.013 278.187zM500.395 203.093h-81.237v121.856h-122.197v81.237h122.197v121.856h81.237v-121.856h121.856v-81.237h-121.856z"
        ],
        "isMulticolor": false,
        "isMulticolor2": false,
        "tags": [
          "product-zoom"
        ],
        "defaultCode": 59691,
        "grid": 0,
        "attrs": []
      },
      "attrs": [],
      "properties": {
        "id": 41,
        "order": 43,
        "ligatures": "",
        "prevSize": 32,
        "code": 69,
        "name": "product-zoom"
      },
      "setIdx": 0,
      "setId": 2,
      "iconIdx": 40
    },
    {
      "icon": {
        "paths": [
          "M505.173-0c0 0 0 0 0 0-282.965 3.755-508.928 236.203-505.173 518.827 3.755 282.965 236.203 508.928 518.827 505.173s508.928-236.203 505.173-518.827c-3.755-282.624-236.203-508.928-518.827-505.173zM586.411 782.336c-4.096 9.899-9.899 18.432-17.067 25.6s-15.701 12.971-25.6 17.067c-9.899 4.096-20.48 6.144-31.403 6.144s-21.504-2.048-31.403-6.144c-9.899-4.096-18.432-9.899-25.6-17.067s-12.971-15.701-17.067-25.6c-4.096-9.899-6.144-20.48-6.144-31.403s2.048-21.504 6.144-31.403c4.096-9.899 9.899-18.432 17.067-25.6s15.701-12.971 25.6-17.067c9.899-4.096 20.48-6.144 31.403-6.144s21.504 2.048 31.403 6.144c9.899 4.096 18.432 9.899 25.6 17.067s12.971 15.701 17.067 25.6c4.096 9.899 6.144 20.48 6.144 31.403s-2.048 21.504-6.144 31.403zM714.752 410.283c-3.413 13.653-9.557 27.307-17.749 40.619-8.533 13.312-19.456 26.965-33.109 40.619s-31.061 28.672-51.883 45.056c-13.312 10.581-22.528 20.48-26.965 30.379-4.779 9.899-7.168 19.797-7.168 29.696v25.259h-130.731v-38.229c0-17.408 2.389-32.427 6.827-44.373s12.629-23.552 23.552-34.133c16.384-15.701 31.403-29.355 45.056-40.96s25.6-22.528 35.157-32.768c9.899-10.24 17.749-19.797 23.211-28.672s8.192-18.432 8.192-28.331c0-19.115-6.144-34.133-17.749-45.056-11.947-10.581-26.965-16.043-45.056-16.043-27.307 0-48.128 7.509-62.464 22.528s-22.187 33.451-23.893 54.955h-135.509c6.144-69.632 30.037-117.419 68.949-149.845s89.088-48.469 150.187-48.469c26.624 0 51.883 3.755 75.435 10.923s44.373 18.091 62.464 32.768c18.091 14.677 32.427 32.427 42.667 53.931s15.701 46.080 15.701 74.069c0 17.408-1.707 32.427-5.12 46.080z"
        ],
        "isMulticolor": false,
        "isMulticolor2": false,
        "tags": [
          "help"
        ],
        "defaultCode": 59875,
        "grid": 0,
        "attrs": []
      },
      "attrs": [],
      "properties": {
        "id": 42,
        "order": 44,
        "ligatures": "",
        "prevSize": 32,
        "code": 70,
        "name": "help"
      },
      "setIdx": 0,
      "setId": 2,
      "iconIdx": 41
    },
    {
      "icon": {
        "paths": [
          "M768 948.907l6.827 3.413h-614.4v-877.227h430.080v191.147c0 9.557 7.509 17.067 17.067 17.067h163.84v153.6h64.853v-187.733c0.683-6.485-2.048-12.629-6.827-17.067l-197.973-225.28c-2.048-3.755-5.803-6.144-10.24-6.827h-491.52c-22.528 0-40.96 18.432-40.96 40.96v942.080c0 22.528 18.432 40.96 40.96 40.96h662.187c22.528 0 40.96-18.432 40.96-40.96v-167.253h-64.853v133.12zM627.029 572.416c-4.779-4.437-10.923-7.509-18.432-9.216-5.461-1.365-16.384-1.707-32.427-1.707h-17.749v129.365h29.355c10.923 0 19.115-0.683 23.893-1.707 6.485-1.707 11.605-4.437 16.043-8.192s7.509-10.24 10.24-18.773 4.096-20.821 4.096-35.84-1.365-26.624-4.096-34.816-6.144-14.677-10.923-19.115zM424.277 562.517c-4.779-1.024-14.336-1.365-28.331-1.365h-19.115v55.296h21.504c15.701 0 25.941-1.024 31.061-3.072s9.216-5.12 12.288-9.557 4.437-9.557 4.437-15.36c0-7.168-2.048-12.971-6.144-17.749s-9.216-6.827-15.701-8.192zM887.467 471.040h-587.093c-26.283 0-47.787 21.504-47.787 47.787v215.723c0 26.283 21.504 47.787 47.787 47.787h587.093c26.283 0 47.787-21.504 47.787-47.787v-215.723c0-26.283-21.504-47.787-47.787-47.787zM480.597 618.496c-4.437 8.192-9.899 14.677-16.725 19.115s-13.653 7.851-20.48 9.216c-9.557 1.707-23.211 2.731-40.96 2.731h-25.6v73.728h-39.595v-195.584h63.488c23.893 0 39.595 1.024 47.104 3.072 11.264 3.072 20.48 9.216 27.989 19.115s11.264 22.528 11.264 38.229c0 12.288-2.389 22.187-6.485 30.379zM677.205 669.355c-4.779 14.336-11.947 25.6-20.821 34.475-6.827 6.827-16.043 11.947-27.648 15.701-8.875 2.731-20.48 4.096-34.816 4.096h-74.411v-195.584h72.021c16.384 0 28.672 1.365 37.205 3.755 11.605 3.413 21.163 9.216 29.355 18.091s14.336 19.115 18.773 31.744 6.485 27.989 6.485 46.080c-0.341 16.043-2.048 30.037-6.144 41.643zM850.944 561.152h-94.549v46.421h81.579v33.109h-81.579v82.944h-39.595v-195.584h134.144v33.109z"
        ],
        "isMulticolor": false,
        "isMulticolor2": false,
        "tags": [
          "pdf"
        ],
        "defaultCode": 59878,
        "grid": 0,
        "attrs": []
      },
      "attrs": [],
      "properties": {
        "id": 43,
        "order": 45,
        "ligatures": "",
        "prevSize": 32,
        "code": 71,
        "name": "pdf"
      },
      "setIdx": 0,
      "setId": 2,
      "iconIdx": 42
    },
    {
      "icon": {
        "paths": [
          "M933.768 162.214h-843.535c-16.565 0-29.997 13.432-29.997 29.997v60.356c0 2.801 3.012 5.963 5.481 7.258l443.392 253.229c1.175 0.663 2.44 0.994 3.735 0.994 1.325 0 2.65-0.361 3.795-1.024l429.99-252.958c2.409-1.325 8.824-4.909 11.234-6.566 2.891-1.958 5.903-3.765 5.903-7.319v-54.001c0-16.535-13.432-29.967-29.997-29.967zM960.030 343.552c-2.349-1.355-5.24-1.295-7.59 0.060l-243.32 143.179c-1.928 1.114-3.283 3.102-3.614 5.361-0.301 2.259 0.422 4.518 1.897 6.204l243.381 262.325c1.446 1.566 3.403 2.379 5.481 2.379 0.904 0 1.837-0.181 2.771-0.512 2.831-1.144 4.728-3.885 4.728-6.987v-405.474c0-2.711-1.416-5.18-3.735-6.536zM639.006 534.859c-2.379-2.59-6.234-3.162-9.306-1.385l-97.521 57.374c-11.445 6.746-26.112 6.807-37.647 0.271l-85.835-49.062c-2.861-1.596-6.415-1.205-8.824 0.994l-325.933 302.351c-1.747 1.626-2.62 3.976-2.349 6.325s1.656 4.457 3.704 5.662c5.060 3.012 9.939 4.397 14.908 4.397h834.952c2.982 0 5.662-1.777 6.867-4.518 1.205-2.711 0.663-5.873-1.385-8.072l-291.629-314.338zM328.162 507.332c1.777-1.626 2.62-3.976 2.379-6.355-0.271-2.349-1.687-4.457-3.735-5.662l-255.398-145.89c-2.259-1.295-5.15-1.265-7.469 0.060-2.289 1.325-3.704 3.825-3.704 6.475v382.765c0 2.982 1.777 5.662 4.457 6.867 0.964 0.422 1.988 0.632 3.042 0.632 1.837 0 3.674-0.663 5.090-1.988l255.337-236.905z"
        ],
        "isMulticolor": false,
        "isMulticolor2": false,
        "tags": [
          "mail"
        ],
        "defaultCode": 59885,
        "grid": 0,
        "attrs": []
      },
      "attrs": [],
      "properties": {
        "id": 44,
        "order": 46,
        "ligatures": "",
        "prevSize": 32,
        "code": 72,
        "name": "mail"
      },
      "setIdx": 0,
      "setId": 2,
      "iconIdx": 43
    },
    {
      "icon": {
        "paths": [
          "M512-0c-282.624 0-512 229.376-512 512s229.376 512 512 512 512-229.376 512-512-229.376-512-512-512zM348.16 770.048v-530.432l460.8 264.192-460.8 266.24z"
        ],
        "isMulticolor": false,
        "isMulticolor2": false,
        "tags": [
          "play-video"
        ],
        "defaultCode": 59894,
        "grid": 0,
        "attrs": []
      },
      "attrs": [],
      "properties": {
        "id": 45,
        "order": 47,
        "ligatures": "",
        "prevSize": 32,
        "code": 73,
        "name": "play-video"
      },
      "setIdx": 0,
      "setId": 2,
      "iconIdx": 44
    },
    {
      "icon": {
        "paths": [
          "M986.112 219.477v731.477c-0.568 40.111-32.934 72.477-72.991 73.045l-802.187 0.001c-0.12 0.001-0.263 0.001-0.406 0.001-19.986 0-38.015-8.379-50.765-21.816-13.299-12.838-21.539-30.782-21.539-50.65 0-0.324 0.002-0.648 0.007-0.971l-0.001-731.087c-0.004-0.274-0.006-0.598-0.006-0.923 0-19.868 8.24-37.811 21.489-50.599 12.801-13.488 30.829-21.866 50.815-21.866 0.143 0 0.285 0 0.428 0.001l72.682-0v-54.613c-0.004-0.322-0.007-0.703-0.007-1.085 0-24.899 10.333-47.384 26.945-63.402 16.016-16.663 38.456-27 63.311-27 0.432 0 0.863 0.003 1.293 0.009l36.116-0.001c0.265-0.003 0.578-0.005 0.891-0.005 24.852 0 47.291 10.335 63.252 26.941 16.466 16.044 26.663 38.396 26.663 63.13 0 0.496-0.004 0.991-0.012 1.485l0.001 54.88h218.795v-54.955c-0.001-0.131-0.001-0.285-0.001-0.439 0-25.228 10.608-47.978 27.607-64.033 16.032-16.675 38.47-27.010 63.322-27.010 0.313 0 0.626 0.002 0.938 0.005l36.475-0c0.365-0.005 0.796-0.009 1.228-0.009 24.854 0 47.294 10.336 63.256 26.945 16.466 16.044 26.663 38.396 26.663 63.13 0 0.496-0.004 0.991-0.012 1.485l0.001 54.88h73.045c0.12-0.001 0.263-0.001 0.406-0.001 19.986 0 38.015 8.379 50.765 21.816 13.297 12.838 21.535 30.78 21.535 50.646 0 0.206-0.001 0.411-0.003 0.616zM110.933 530.432h164.181v-164.864h-164.181zM110.933 749.909h164.181v-182.955h-164.181zM110.933 950.955h164.181v-165.888h-164.181zM329.728 256v-164.523c0-0.001 0-0.002 0-0.003 0-10.060-8.059-18.237-18.073-18.429l-36.541-0c-10.032 0.192-18.091 8.369-18.091 18.429 0 0.001 0 0.002 0 0.003l-0 164.523c0.724 9.476 8.515 16.911 18.075 17.066l36.197 0c10.032-0.192 18.091-8.369 18.091-18.429 0-0.001-0-0.002-0-0.003zM311.637 529.067h182.272v-163.499h-182.613zM311.637 748.544h182.272v-181.589h-182.613zM311.637 949.589h182.272v-164.523h-182.613zM530.432 529.067h182.272v-163.499h-182.613zM530.432 748.544h182.272v-181.589h-182.613zM530.432 949.589h182.272v-164.523h-182.613zM767.317 256v-164.523c0-0.048 0.001-0.105 0.001-0.162 0-5.031-2.093-9.573-5.456-12.803-3.187-3.373-7.684-5.47-12.67-5.47-0.108 0-0.215 0.001-0.323 0.003l-36.165-0c-10.032 0.192-18.091 8.369-18.091 18.429 0 0.001 0 0.002 0 0.003l-0 164.523c-0 0.001-0 0.002-0 0.003 0 10.060 8.059 18.237 18.073 18.429l36.541 0c10.032-0.192 18.091-8.369 18.091-18.429 0-0.001-0-0.002-0-0.003zM749.227 529.067h164.181v-163.499h-164.523zM749.227 748.544h164.181v-181.589h-164.523zM749.227 949.589h164.181v-164.523h-164.523z"
        ],
        "attrs": [
          {}
        ],
        "isMulticolor": false,
        "isMulticolor2": false,
        "grid": 0,
        "tags": [
          "calendar"
        ]
      },
      "attrs": [
        {}
      ],
      "properties": {
        "order": 48,
        "id": 46,
        "name": "calendar",
        "prevSize": 32,
        "code": 74
      },
      "setIdx": 0,
      "setId": 2,
      "iconIdx": 45
    },
    {
      "icon": {
        "paths": [
          "M1024 757.76v197.973c0 17.067 3.413 34.133-13.653 44.373-17.067 13.653-30.72 13.653-47.787 13.653h-904.533c-17.067 0-34.133 0-47.787-13.653-10.24-13.653-10.24-27.307-10.24-44.373v-197.973c0-17.067 0-34.133 13.653-47.787s30.72-13.653 47.787-13.653h286.72l81.92 85.333c23.893 23.893 51.2 34.133 85.333 34.133s61.44-10.24 85.333-34.133l85.333-85.333h286.72c17.067 0 34.133 0 47.787 13.653 3.413 13.653 3.413 30.72 3.413 47.787zM832.853 344.747c10.24 20.48-6.827 37.547-20.48 47.787l-276.48 276.48c-6.827 6.827-17.067 10.24-27.307 10.24s-20.48-3.413-27.307-10.24l-276.48-276.48c-13.653-10.24-30.72-30.72-20.48-51.2s30.72-17.067 47.787-17.067h157.013v-273.067c0-10.24 0-20.48 6.827-30.72 10.24-10.24 20.48-6.827 30.72-6.827h157.013c10.24 0 20.48 0 30.72 6.827 10.24 10.24 6.827 20.48 6.827 30.72v276.48h157.013c27.307-3.413 47.787-3.413 54.613 17.067z"
        ],
        "attrs": [
          {}
        ],
        "isMulticolor": false,
        "isMulticolor2": false,
        "grid": 0,
        "tags": [
          "download"
        ]
      },
      "attrs": [
        {}
      ],
      "properties": {
        "order": 50,
        "id": 47,
        "name": "download",
        "prevSize": 32,
        "code": 75
      },
      "setIdx": 0,
      "setId": 2,
      "iconIdx": 46
    }
  ],
  "height": 1024,
  "metadata": {
    "name": "Costco-RWD"
  },
  "preferences": {
    "showGlyphs": true,
    "showQuickUse": true,
    "showQuickUse2": true,
    "showSVGs": true,
    "fontPref": {
      "prefix": "icon-",
      "metadata": {
        "fontFamily": "Costco-RWD",
        "majorVersion": 1,
        "minorVersion": 0
      },
      "metrics": {
        "emSize": 1024,
        "baseline": 6.25,
        "whitespace": 50
      },
      "embed": false,
      "showSelector": true,
      "showMetrics": true,
      "showMetadata": false,
      "showVersion": false
    },
    "imagePref": {
      "prefix": "icon-",
      "png": true,
      "useClassSelector": true,
      "color": 0,
      "bgColor": 16777215,
      "classSelector": ".icon",
      "height": 32,
      "columns": 16,
      "margin": 16
    },
    "historySize": 100,
    "showCodes": true,
    "gridSize": 16,
    "showLiga": true,
    "showGrid": false
  }
}